Person ID,Duplicate Records,Record IDs,Source,First Seen,Hired
rec025p5ExyDDgMqo,1,rec025p5ExyDDgMqo,Agency,2025-03-24,No
rec0RmkT1oaf3v2IZ,1,rec0RmkT1oaf3v2IZ,Agency,2025-07-24,No
rec0fsVrfn2FFP0cX,1,rec0fsVrfn2FFP0cX,LinkedIn,2025-05-28,No
rec0hawReCGXfRRK8,1,rec0hawReCGXfRRK8,Job Board,2025-03-19,No
rec0o9aI0EnMVBMro,1,rec0o9aI0EnMVBMro,Agency,2025-09-11,No
rec0rfFyI6FUhGlWs,1,rec0rfFyI6FUhGlWs,LinkedIn,2026-04-27,No
rec1ZO83Ql6dd29RL,1,rec1ZO83Ql6dd29RL,Job Board,2025-06-17,No
rec21D0wtMApDTES6,1,rec21D0wtMApDTES6,LinkedIn,2026-01-29,No
rec2NZD4mvzgDmOiN,1,rec2NZD4mvzgDmOiN,Career Site,2025-05-21,Yes
rec2PoJK2uHkb5Fpe,1,rec2PoJK2uHkb5Fpe,Agency,2026-06-01,No
rec2atIiA18GrFXjS,1,rec2atIiA18GrFXjS,Career Site,2026-08-29,No
rec2bPXUI1noehNfU,1,rec2bPXUI1noehNfU,LinkedIn,2026-03-19,No
rec2xnNIqnkaijV7R,1,rec2xnNIqnkaijV7R,Job Board,2026-01-11,No
rec3IukqDk7vMclQl,1,rec3IukqDk7vMclQl,Job Board,2025-03-07,No
rec3L2pfrQwhV5QWE,1,rec3L2pfrQwhV5QWE,Job Board,2026-05-27,No
rec3UGGnvgS4eHy1V,1,rec3UGGnvgS4eHy1V,Job Board,2025-11-29,No
rec3fhVn1WvgnFYY7,1,rec3fhVn1WvgnFYY7,Job Board,2026-01-02,No
rec3n6EdujMW1JHgw,1,rec3n6EdujMW1JHgw,Job Board,2025-06-02,No
rec7Iz8z4Yub5PTlV,2,rec7Iz8z4Yub5PTlV;rec40qlITVvfTqKUW,Job Board,2025-04-28,Yes
rec4TPTco4kDfU2DJ,1,rec4TPTco4kDfU2DJ,Referral,2026-01-04,Yes
rec4XbLmQaQOU321E,1,rec4XbLmQaQOU321E,Job Board,2025-12-02,No
rec4hMBejUd6B3XJK,1,rec4hMBejUd6B3XJK,Job Board,2025-03-13,No
rec5RdZfePRur7pC7,1,rec5RdZfePRur7pC7,Job Board,2026-08-19,No
rec5nO1RuHd5yjICb,1,rec5nO1RuHd5yjICb,Job Board,2026-03-17,No
rec67yPYHVjNNI6i5,1,rec67yPYHVjNNI6i5,Job Board,2025-10-15,No
rec6BKJZcBt830leX,1,rec6BKJZcBt830leX,Career Site,2026-03-05,No
rec6JoPQEq6uZlR1E,1,rec6JoPQEq6uZlR1E,Job Board,2025-04-21,No
rec6LXtDS09NTKZZr,1,rec6LXtDS09NTKZZr,Job Board,2025-07-09,No
rec6wroezIrPNFObb,1,rec6wroezIrPNFObb,Career Site,2025-08-16,No
rec73LxWTkoeGkKyE,1,rec73LxWTkoeGkKyE,Job Board,2026-03-02,No
rec760uqlzcXa3Pi0,1,rec760uqlzcXa3Pi0,Job Board,2025-10-08,No
rec79pxVt8FKQKtVg,1,rec79pxVt8FKQKtVg,Job Board,2025-03-17,No
rec7C3vB3OK73xHPF,1,rec7C3vB3OK73xHPF,Job Board,2025-05-13,No
rec7X8gIFvgYkg8Yk,1,rec7X8gIFvgYkg8Yk,LinkedIn,2025-05-15,Yes
rec7sZygp3FC0xTwc,1,rec7sZygp3FC0xTwc,Job Board,2025-08-20,No
rec7ub2gLlx36RBCC,1,rec7ub2gLlx36RBCC,Job Board,2025-09-09,No
rec7vIUDfUOndtXHZ,1,rec7vIUDfUOndtXHZ,Agency,2026-07-30,No
rec82GFgzWiXgsVb4,1,rec82GFgzWiXgsVb4,Job Board,2025-06-17,No
rec82mTIakMaVnuj2,1,rec82mTIakMaVnuj2,Job Board,2026-01-14,No
rec8KIOBM1v1qhXWi,1,rec8KIOBM1v1qhXWi,Job Board,2025-04-02,No
rec8Wm4NnZtqQyL9Y,1,rec8Wm4NnZtqQyL9Y,Job Board,2025-10-29,No
rec8WvAKYiqpXuSyP,1,rec8WvAKYiqpXuSyP,Job Board,2025-10-10,No
rec8bNWHWUZfVefeu,1,rec8bNWHWUZfVefeu,Job Board,2026-06-23,No
rec8pnxW9hDaQii3U,1,rec8pnxW9hDaQii3U,Agency,2026-07-06,No
rec8sR7XnX3ulgzPF,1,rec8sR7XnX3ulgzPF,Agency,2026-08-14,No
rec8v1V35Qxg2qsjL,2,rec8v1V35Qxg2qsjL;recCHwuvmFEnREk0M,Job Board,2025-07-04,No
rec9EDFJJptB6Mu0a,1,rec9EDFJJptB6Mu0a,Job Board,2026-02-21,No
rec9Npcvp6PV9VZLe,1,rec9Npcvp6PV9VZLe,Job Board,2025-12-16,No
rec9oVAVFxd5E6eth,1,rec9oVAVFxd5E6eth,Job Board,2025-08-08,No
recA0eouL811yPUtC,1,recA0eouL811yPUtC,Job Board,2026-05-11,No
recAOPmX5RBDvfRMQ,1,recAOPmX5RBDvfRMQ,LinkedIn,2025-11-09,No
recATg3241DKrWRa4,1,recATg3241DKrWRa4,Job Board,2025-04-30,No
recAgC7aZIG2QqcLF,1,recAgC7aZIG2QqcLF,Job Board,2026-03-02,No
recAlHbskpqKNTrlz,1,recAlHbskpqKNTrlz,Job Board,2026-07-16,No
recAmgOyJ50cGhN5I,1,recAmgOyJ50cGhN5I,Job Board,2026-08-07,No
recArdofv6MKV33V6,1,recArdofv6MKV33V6,Job Board,2026-05-15,No
recBDWWy4fF0Tp7ip,1,recBDWWy4fF0Tp7ip,Job Board,2026-03-09,Yes
recBnBhx1k7YZn5k7,1,recBnBhx1k7YZn5k7,Job Board,2025-10-08,No
recBr13y8pvFyuYMG,1,recBr13y8pvFyuYMG,Career Site,2025-09-15,No
recBtFP37UKEpj020,1,recBtFP37UKEpj020,Career Site,2026-05-04,No
recBzdFRivETxpjGz,1,recBzdFRivETxpjGz,Agency,2026-08-12,No
recC5DkWhivR3MlEW,1,recC5DkWhivR3MlEW,Job Board,2025-12-01,Yes
recCRHQTvuz8ZXaBS,1,recCRHQTvuz8ZXaBS,LinkedIn,2026-06-11,No
recCwFPGy8YHgmnzp,1,recCwFPGy8YHgmnzp,Job Board,2025-03-05,No
recDAjeMPvDy1TvLy,1,recDAjeMPvDy1TvLy,Job Board,2025-03-28,No
recDMsloHhdiI7n5E,1,recDMsloHhdiI7n5E,Job Board,2026-07-22,No
recDUysdny9plc4sA,1,recDUysdny9plc4sA,Referral,2025-06-15,No
recDeKfSHY8kR3ys6,1,recDeKfSHY8kR3ys6,Job Board,2026-07-16,No
recDsMtXByPsQQY2P,1,recDsMtXByPsQQY2P,Career Site,2026-06-10,No
recDxGM7ykDbgx96Q,1,recDxGM7ykDbgx96Q,Agency,2026-02-22,No
recE3ct3XgoljNoAy,1,recE3ct3XgoljNoAy,Agency,2026-05-26,No
recEGM0inq9v8d0rY,1,recEGM0inq9v8d0rY,Job Board,2026-06-12,No
recEJw9Lfc4aQ3ewI,1,recEJw9Lfc4aQ3ewI,Job Board,2026-01-27,No
recEjNwF3LisTGR1Q,1,recEjNwF3LisTGR1Q,Agency,2025-09-10,No
recEnWiKTmCGT90oS,1,recEnWiKTmCGT90oS,Job Board,2025-08-21,No
recF8kNQraCKnPcn2,1,recF8kNQraCKnPcn2,Job Board,2025-10-23,No
recFIKVpKicnBvS0p,1,recFIKVpKicnBvS0p,Agency,2026-07-29,No
recFNTNmDysjsA498,1,recFNTNmDysjsA498,Agency,2026-01-22,No
recFVTgfFZtOY7uCL,1,recFVTgfFZtOY7uCL,Job Board,2026-06-16,No
recFYIY5kHmEsG8GO,1,recFYIY5kHmEsG8GO,Job Board,2026-01-08,No
recFxocXQU3L60bwN,1,recFxocXQU3L60bwN,Job Board,2026-02-14,No
recG1wDJo01kpVk3C,1,recG1wDJo01kpVk3C,Agency,2025-12-05,Yes
recG3xkbALjw80QrM,1,recG3xkbALjw80QrM,Job Board,2026-02-04,No
recG6UapbdgI4GK2W,1,recG6UapbdgI4GK2W,Job Board,2025-05-18,No
recGWvjruBnYbjrYa,1,recGWvjruBnYbjrYa,Job Board,2025-08-25,No
recGnS8OuDu3Q1GS1,1,recGnS8OuDu3Q1GS1,Job Board,2025-08-12,No
recGpKkvkARmT6S7s,1,recGpKkvkARmT6S7s,Agency,2025-05-26,No
recHKTSDos43PZesn,1,recHKTSDos43PZesn,Job Board,2026-03-27,No
recI8Nx3KwHJzrGGR,1,recI8Nx3KwHJzrGGR,Agency,2026-01-19,No
recIBdfI6BsGjK0o5,1,recIBdfI6BsGjK0o5,Referral,2025-07-27,No
recIPZ2h6RA4Asws8,1,recIPZ2h6RA4Asws8,Job Board,2025-03-25,Yes
recITTx52LUc6H3Zw,1,recITTx52LUc6H3Zw,Job Board,2026-04-12,No
recIiTgeWZQAic5tA,1,recIiTgeWZQAic5tA,Job Board,2025-10-29,No
recIj7jXiHfRK6CpF,1,recIj7jXiHfRK6CpF,Job Board,2026-01-04,No
recIl5pjcw3kTbUDq,1,recIl5pjcw3kTbUDq,LinkedIn,2026-08-23,No
recJ7uFoEAJZaLzG6,1,recJ7uFoEAJZaLzG6,Job Board,2026-03-01,No
recJKUw4NSV0PeEhA,1,recJKUw4NSV0PeEhA,LinkedIn,2026-07-09,No
recJYEsd93C0FgfMW,2,recJYEsd93C0FgfMW;recyRCSer7xBH1pe3,Job Board,2025-04-08,Yes
recK1fmW5G0tZYzy7,1,recK1fmW5G0tZYzy7,Job Board,2025-08-21,No
recKaHu52gOXysW0I,1,recKaHu52gOXysW0I,Job Board,2026-02-04,No
recL1XYqkcLaRjd5X,1,recL1XYqkcLaRjd5X,Job Board,2026-01-23,No
recLHXvTmYzrhFWfw,1,recLHXvTmYzrhFWfw,Job Board,2026-04-22,No
recLIQcoNTWz9SwEA,1,recLIQcoNTWz9SwEA,Job Board,2026-05-15,No
recLJKZuIVoD6SMBb,1,recLJKZuIVoD6SMBb,Job Board,2025-09-22,No
recLYN9bj62e8NvKh,1,recLYN9bj62e8NvKh,Job Board,2025-11-28,No
recLd4fUMpXZ0K6Mv,1,recLd4fUMpXZ0K6Mv,Job Board,2025-04-26,No
recPesXb2MJfzC0vQ,2,recPesXb2MJfzC0vQ;recLgLkua5p2iEjnU,Job Board,2025-03-11,No
recLhZ9e1CQmGUwo9,1,recLhZ9e1CQmGUwo9,Career Site,2025-06-14,No
recYBZ7f5H1rG3LzK,2,recYBZ7f5H1rG3LzK;recLjmGxXiilpV6n8,Job Board,2025-04-13,No
recLkpYNu60AzLEmk,1,recLkpYNu60AzLEmk,Career Site,2025-05-08,Yes
recME9wyuFKIpcTSU,1,recME9wyuFKIpcTSU,Job Board,2026-07-29,No
recMKqNeqZ8TSywGX,1,recMKqNeqZ8TSywGX,Job Board,2025-11-20,No
recMagSODTEZLQJte,1,recMagSODTEZLQJte,Job Board,2025-09-10,No
recMhNK7BT2gNPDJw,1,recMhNK7BT2gNPDJw,Job Board,2025-09-16,No
recMuNTnatijrhaTz,1,recMuNTnatijrhaTz,Job Board,2025-03-15,No
recN5xLuy31S2cIod,1,recN5xLuy31S2cIod,LinkedIn,2025-12-07,No
recNXTPBeW9ai2snZ,1,recNXTPBeW9ai2snZ,Job Board,2025-07-02,No
recNga2QqJYToEVkh,1,recNga2QqJYToEVkh,Career Site,2026-01-01,No
recNvqjP4AafZ4qeN,1,recNvqjP4AafZ4qeN,Job Board,2026-08-21,No
recO7Cwk0okwcrvnC,1,recO7Cwk0okwcrvnC,Job Board,2026-02-07,No
recO7pPRq3YBvA1ad,1,recO7pPRq3YBvA1ad,Job Board,2025-07-19,No
recOm8aEdGPpTCnFJ,1,recOm8aEdGPpTCnFJ,Career Site,2025-08-23,No
recOsspjU4Dn0xoKA,1,recOsspjU4Dn0xoKA,LinkedIn,2026-04-09,No
recOz2Uy1scxkY0Ir,1,recOz2Uy1scxkY0Ir,Job Board,2026-07-20,No
recP0qvR3N6gMwKYI,1,recP0qvR3N6gMwKYI,Job Board,2026-08-30,No
recPBdVM9GCZx0Fh0,1,recPBdVM9GCZx0Fh0,Job Board,2025-05-20,No
recPEQLypTKqQ9X9n,1,recPEQLypTKqQ9X9n,Career Site,2025-10-10,Yes
recPJJKpsfH3P2pGX,1,recPJJKpsfH3P2pGX,LinkedIn,2025-11-30,Yes
recPitDIC9NYV2oaP,1,recPitDIC9NYV2oaP,LinkedIn,2025-09-17,No
recQjaHutWos14npj,1,recQjaHutWos14npj,Job Board,2025-07-20,No
recR18yjOkFM8Ub8A,1,recR18yjOkFM8Ub8A,LinkedIn,2026-08-02,Yes
recRW51QFFNlPtskK,1,recRW51QFFNlPtskK,Job Board,2026-07-11,No
recRds38G21c5cqmC,1,recRds38G21c5cqmC,Career Site,2025-05-19,No
recSCYqvaz5HoCVAq,1,recSCYqvaz5HoCVAq,Career Site,2025-05-27,No
recSGb4GDdVqeUtdu,1,recSGb4GDdVqeUtdu,Job Board,2026-06-12,No
recSGwZ0YGfSdpOjx,1,recSGwZ0YGfSdpOjx,Job Board,2026-03-28,No
recSQDwl6FwnU1krS,1,recSQDwl6FwnU1krS,Job Board,2026-06-22,No
recSTLfKla13lc5dt,1,recSTLfKla13lc5dt,Job Board,2025-10-01,No
recSyTs8GZqk3F4VG,1,recSyTs8GZqk3F4VG,Agency,2026-01-09,No
recTBQ9WqlRXZZ1uB,1,recTBQ9WqlRXZZ1uB,Career Site,2025-09-14,No
recTEmrGQU75jVxBo,1,recTEmrGQU75jVxBo,Job Board,2026-05-02,No
recTJcOAIH7pOkFdh,1,recTJcOAIH7pOkFdh,LinkedIn,2025-12-13,No
recTSco1YA0ce37A3,1,recTSco1YA0ce37A3,Career Site,2026-06-07,No
recTf2aBxzPWT6zXB,1,recTf2aBxzPWT6zXB,Job Board,2025-06-09,No
recTfb93bpDVzDEI5,1,recTfb93bpDVzDEI5,Job Board,2025-10-10,No
recToarU1uUOzeyvv,1,recToarU1uUOzeyvv,Career Site,2026-03-31,No
recU38Erki4M21mfC,1,recU38Erki4M21mfC,Job Board,2025-05-26,No
recU4nMoPspKrplf7,1,recU4nMoPspKrplf7,Job Board,2025-10-23,No
recUMQJ3oTbpO4suM,1,recUMQJ3oTbpO4suM,Job Board,2026-01-27,No
recUW6Au1j53Q8bo5,1,recUW6Au1j53Q8bo5,Job Board,2025-05-11,No
recUYZFwLvkOQcZub,1,recUYZFwLvkOQcZub,Job Board,2026-03-09,No
recUgIRmCTh5MvQQx,1,recUgIRmCTh5MvQQx,Job Board,2025-06-06,No
recUpRtC3AE49van8,1,recUpRtC3AE49van8,Job Board,2025-07-02,No
recUxiOWDe1JS6ZOe,1,recUxiOWDe1JS6ZOe,Agency,2026-08-12,No
recVJAKq9esFSYRnG,1,recVJAKq9esFSYRnG,Job Board,2026-04-06,No
recVTaw5IGcdhvygu,1,recVTaw5IGcdhvygu,Career Site,2026-08-28,Yes
recViHlqNtpFnokLM,1,recViHlqNtpFnokLM,Job Board,2026-02-09,No
recW5nAJXOu7dQtfi,1,recW5nAJXOu7dQtfi,Job Board,2026-04-04,No
recWEvwyjqwO73vq6,1,recWEvwyjqwO73vq6,Job Board,2026-05-27,No
recWfb5tzK3WGJ5QR,1,recWfb5tzK3WGJ5QR,Agency,2026-07-05,No
recXBtCKTpFAeuYZS,1,recXBtCKTpFAeuYZS,Job Board,2026-02-19,No
recXDguoCrQwBMvgW,1,recXDguoCrQwBMvgW,Agency,2025-09-06,No
recXHGObVomLpteuM,1,recXHGObVomLpteuM,Campus,2025-07-06,No
recXIYqIXMiDyNdBF,1,recXIYqIXMiDyNdBF,Job Board,2026-02-26,No
recXeM9SooZOkEOac,1,recXeM9SooZOkEOac,Job Board,2025-10-01,Yes
recXfA6s09PybHU5N,1,recXfA6s09PybHU5N,Career Site,2025-07-20,No
recXsWYtVNtweYWqg,1,recXsWYtVNtweYWqg,Agency,2026-03-18,No
recXyASGjLq4Ik0DU,1,recXyASGjLq4Ik0DU,Career Site,2025-04-22,No
recY2oL9jE7i5hCgV,2,recY2oL9jE7i5hCgV;recx4ndA3SWBtMoEL,Referral,2026-04-14,Yes
recY7EDMfEJM8NrJq,1,recY7EDMfEJM8NrJq,Job Board,2025-11-25,No
recYW1jmmvmcqSyJp,1,recYW1jmmvmcqSyJp,Job Board,2026-01-05,No
recYf0svx5DddsZE1,1,recYf0svx5DddsZE1,Job Board,2025-03-11,No
recYnqNBEdf0MCRdN,1,recYnqNBEdf0MCRdN,Job Board,2026-01-17,No
recZ8tbv9ppph2Vv5,1,recZ8tbv9ppph2Vv5,Job Board,2025-10-13,No
recZF1Rljz6e3U3Ik,1,recZF1Rljz6e3U3Ik,Job Board,2025-10-15,No
recZKXCKVGO1SN75y,1,recZKXCKVGO1SN75y,Job Board,2026-01-11,No
recZQS8UHuJgYLrsF,1,recZQS8UHuJgYLrsF,Job Board,2025-07-13,No
recZeR11jymYXvbQb,1,recZeR11jymYXvbQb,Agency,2025-04-23,No
reca2NmQ13YhRfZn9,1,reca2NmQ13YhRfZn9,Job Board,2026-05-27,No
reca31rlA75FqTTqK,1,reca31rlA75FqTTqK,Job Board,2026-05-30,No
reca6mVOj1B07Dbmq,1,reca6mVOj1B07Dbmq,Job Board,2025-05-28,No
recafWdebWSNlORMB,1,recafWdebWSNlORMB,Job Board,2026-08-01,No
recapW8scP5EncYWq,1,recapW8scP5EncYWq,Job Board,2026-02-13,No
recaqZqEsFF2ghvn5,1,recaqZqEsFF2ghvn5,Job Board,2026-01-22,No
recaxkFJswhdCN6Tp,1,recaxkFJswhdCN6Tp,LinkedIn,2026-01-03,No
recazi5Qo7Js85Uza,1,recazi5Qo7Js85Uza,Agency,2025-06-01,No
recbE4DZoIPbZO6np,1,recbE4DZoIPbZO6np,Job Board,2025-12-22,No
recbQPq5iB15kcS4x,1,recbQPq5iB15kcS4x,Job Board,2025-07-27,No
recbcICkKL6Tyqt1h,1,recbcICkKL6Tyqt1h,Referral,2025-08-02,Yes
recbf7UE5ZefYBkno,1,recbf7UE5ZefYBkno,Job Board,2026-05-21,No
recbfiRDcPwB95vOk,1,recbfiRDcPwB95vOk,Job Board,2026-04-27,No
recbqaoIUEoSBopjD,1,recbqaoIUEoSBopjD,Job Board,2025-05-22,No
recc0FxztoQmgSkGA,1,recc0FxztoQmgSkGA,Career Site,2026-08-26,No
reccXDSS3RZhUIm5d,1,reccXDSS3RZhUIm5d,Job Board,2026-06-26,No
reccs2Ql8Q5G4KgEq,1,reccs2Ql8Q5G4KgEq,Career Site,2026-08-18,Yes
recctPo5MuFDsjhjc,1,recctPo5MuFDsjhjc,Job Board,2025-05-17,No
recd3Bn1Ss5F3Pn8v,1,recd3Bn1Ss5F3Pn8v,Job Board,2025-11-03,No
recdmoj0xteekxiaX,1,recdmoj0xteekxiaX,Job Board,2025-11-30,No
recdsqbUXYAaTVImF,1,recdsqbUXYAaTVImF,Career Site,2025-05-09,No
recdtwjcu9H2PLP3g,1,recdtwjcu9H2PLP3g,Job Board,2025-05-06,No
recdvATjI7fTpH3AJ,1,recdvATjI7fTpH3AJ,LinkedIn,2025-06-28,No
receDJXANx2sv0IOJ,1,receDJXANx2sv0IOJ,Agency,2026-03-28,No
receRD4gcMlpZEG0W,1,receRD4gcMlpZEG0W,Job Board,2025-03-29,No
receYnK8ffesTY0rx,1,receYnK8ffesTY0rx,Job Board,2025-09-10,No
recee1S9HfzJwmhxp,1,recee1S9HfzJwmhxp,Job Board,2025-03-10,No
recerJ6UCrZGJ3C6O,1,recerJ6UCrZGJ3C6O,LinkedIn,2026-02-01,No
recfBXdNAJZj2sYRD,1,recfBXdNAJZj2sYRD,LinkedIn,2026-01-20,No
recfNgxyVjZtrWPdC,1,recfNgxyVjZtrWPdC,Job Board,2025-07-03,No
recfQvJuQGaNmWdfD,1,recfQvJuQGaNmWdfD,LinkedIn,2026-04-13,No
recfTlyWkJLMACX5x,1,recfTlyWkJLMACX5x,Career Site,2025-08-07,No
recfTxyb76x3rY2U3,1,recfTxyb76x3rY2U3,Job Board,2026-08-06,No
recfWIizV71sChyEP,1,recfWIizV71sChyEP,Job Board,2025-12-14,No
recffWhyVekA2kiUh,1,recffWhyVekA2kiUh,LinkedIn,2025-03-27,No
recg8Y7triAB8hQIP,1,recg8Y7triAB8hQIP,Job Board,2026-05-13,No
rech6QlyZjjFPXZji,1,rech6QlyZjjFPXZji,Job Board,2025-06-27,Yes
rechpPXb9HiGwrynB,1,rechpPXb9HiGwrynB,Career Site,2025-08-27,No
rechrbkjS6PTgJnh6,1,rechrbkjS6PTgJnh6,Campus,2026-06-03,No
rechxOV0nyLq18M5Y,1,rechxOV0nyLq18M5Y,Job Board,2025-03-07,No
rechzN7w6LBurc3lY,1,rechzN7w6LBurc3lY,Job Board,2026-06-16,No
recipOp6z8LvuMPE2,1,recipOp6z8LvuMPE2,Job Board,2025-07-06,No
recjEcNg6D8lJwiOA,1,recjEcNg6D8lJwiOA,Campus,2025-10-15,No
recjMF8nSQCJWFGBo,1,recjMF8nSQCJWFGBo,Job Board,2026-01-20,No
recjPb9ry1jNjKani,1,recjPb9ry1jNjKani,Agency,2025-06-08,No
recjTxsd6y3HYrPha,1,recjTxsd6y3HYrPha,Agency,2025-04-17,No
recjaxoh87oMOUvzI,1,recjaxoh87oMOUvzI,Agency,2025-09-21,No
reck25zU2aLRSqvjI,1,reck25zU2aLRSqvjI,Agency,2025-12-09,Yes
reckJqoEcTZKr1ctL,1,reckJqoEcTZKr1ctL,Agency,2025-03-18,No
reckaU4Q3ZEKyjvtH,1,reckaU4Q3ZEKyjvtH,LinkedIn,2025-06-21,No
reckmNpPYVFeWtDBZ,1,reckmNpPYVFeWtDBZ,Job Board,2025-08-13,No
recksgfX3vlh1FSyY,1,recksgfX3vlh1FSyY,Career Site,2025-06-03,No
reckwmMYk3bA7LhP7,1,reckwmMYk3bA7LhP7,LinkedIn,2026-06-05,No
reclHDuDsLZoCX9Pz,1,reclHDuDsLZoCX9Pz,Agency,2025-11-08,No
recm2RXSL7iivNTpi,1,recm2RXSL7iivNTpi,Job Board,2026-02-18,No
recmlwhriKbrFnIqy,1,recmlwhriKbrFnIqy,Job Board,2025-04-08,No
recmzwiMr3HPRBJ6B,1,recmzwiMr3HPRBJ6B,LinkedIn,2026-07-29,No
recn67JUtfLFSUmiU,1,recn67JUtfLFSUmiU,LinkedIn,2025-03-07,No
recn6hRZXXzj7bdoF,1,recn6hRZXXzj7bdoF,Job Board,2025-11-13,No
recnPLysjbYkJeEbx,1,recnPLysjbYkJeEbx,Agency,2025-05-21,No
recnSdGG87uhc4mR3,1,recnSdGG87uhc4mR3,Job Board,2025-03-01,No
recoMW2fBxE9WaqG3,1,recoMW2fBxE9WaqG3,Job Board,2025-09-07,No
recoPfQtFFbwNOhC6,1,recoPfQtFFbwNOhC6,Job Board,2025-08-17,No
recoPkAT011ZUNBx2,1,recoPkAT011ZUNBx2,Agency,2025-03-10,Yes
recoPrEjTApeJWUnl,1,recoPrEjTApeJWUnl,Campus,2025-08-16,No
recohvue9eLXnuBir,1,recohvue9eLXnuBir,Job Board,2025-07-28,No
recom4UxNexPHqMdO,1,recom4UxNexPHqMdO,Job Board,2026-06-30,No
recoxIkl0QHAOgvKl,1,recoxIkl0QHAOgvKl,Job Board,2026-07-09,No
recp1L9Sm1SDuEhc0,1,recp1L9Sm1SDuEhc0,Job Board,2026-05-09,No
recp2CUbik2DsAwNu,1,recp2CUbik2DsAwNu,Job Board,2025-11-10,No
recp3mu35HkRrtqeK,1,recp3mu35HkRrtqeK,Job Board,2026-04-26,No
recp6Ez9dlOduiEPr,1,recp6Ez9dlOduiEPr,LinkedIn,2026-04-28,No
recp7rsnyEO2PpMKk,1,recp7rsnyEO2PpMKk,Job Board,2026-08-11,No
recpAYo6Ftk5BiwHh,1,recpAYo6Ftk5BiwHh,Job Board,2026-06-24,No
recpFTHWI2gqQz0XG,1,recpFTHWI2gqQz0XG,Job Board,2025-04-15,No
recpKr9uys7j0KSm8,1,recpKr9uys7j0KSm8,Job Board,2025-10-29,No
recpNzgE290RTLKU2,1,recpNzgE290RTLKU2,Job Board,2026-04-26,No
recphk7ka4nT4Wtvd,1,recphk7ka4nT4Wtvd,Job Board,2025-10-07,No
recpuz1BTtiNaBgsh,1,recpuz1BTtiNaBgsh,Career Site,2026-07-18,No
recq2zqNF0hNQ1xBE,1,recq2zqNF0hNQ1xBE,Referral,2025-09-22,No
recq8SyrXVa88Ac0Z,1,recq8SyrXVa88Ac0Z,Agency,2026-01-06,Yes
recqoSEs5xb3PkAqb,1,recqoSEs5xb3PkAqb,Job Board,2025-11-11,No
recqsp2odNDIN0AFu,1,recqsp2odNDIN0AFu,Career Site,2025-05-24,No
recr4UPkoROOmZ1Vk,1,recr4UPkoROOmZ1Vk,Job Board,2025-04-23,No
recrk9H0JNl8TO3Ro,1,recrk9H0JNl8TO3Ro,LinkedIn,2025-09-02,No
recrqpPSjRQbNAmoJ,1,recrqpPSjRQbNAmoJ,Agency,2025-12-16,No
recsG7FETOlQ8IzQ5,1,recsG7FETOlQ8IzQ5,LinkedIn,2025-11-29,No
recsvqHLLOYW2OxCG,1,recsvqHLLOYW2OxCG,LinkedIn,2025-06-02,No
rectTKjKbRDr2x5W4,1,rectTKjKbRDr2x5W4,Job Board,2025-06-16,No
rectUos8ugEMQpmxf,1,rectUos8ugEMQpmxf,Job Board,2025-08-17,No
rectZj8LAjj9jzTch,1,rectZj8LAjj9jzTch,Job Board,2026-02-05,No
rectbmWOpjzwbPdN3,1,rectbmWOpjzwbPdN3,LinkedIn,2026-02-22,No
recuSMtMxT2H9SIuQ,1,recuSMtMxT2H9SIuQ,Job Board,2025-08-04,No
recuXSFp8W63Vaxki,1,recuXSFp8W63Vaxki,Job Board,2025-04-03,No
recueJ1H8RmdcFUTx,1,recueJ1H8RmdcFUTx,Job Board,2025-06-02,No
recv7uOyRrigld7Fd,1,recv7uOyRrigld7Fd,Job Board,2026-07-19,No
recv9CDLQUvl5XERG,1,recv9CDLQUvl5XERG,Job Board,2025-09-17,No
recvKErLUjJgR7sY4,1,recvKErLUjJgR7sY4,Job Board,2025-06-01,No
recw2f4WLBjYTLjpC,1,recw2f4WLBjYTLjpC,Job Board,2026-07-03,No
recwn8RRuADmW6k0k,1,recwn8RRuADmW6k0k,Career Site,2025-10-21,No
recx16izKMDD3St88,1,recx16izKMDD3St88,Career Site,2025-12-15,No
recxIC0hGD9S3tgpO,1,recxIC0hGD9S3tgpO,Job Board,2025-04-29,Yes
recxVqJ1Fm4rYwzyC,1,recxVqJ1Fm4rYwzyC,Job Board,2026-03-30,No
recxyn8S4bK5KktOu,1,recxyn8S4bK5KktOu,Career Site,2025-05-07,No
recy0CPdctsgCLZA7,1,recy0CPdctsgCLZA7,Job Board,2026-01-18,No
recy18LPKdvnmNGcG,1,recy18LPKdvnmNGcG,Job Board,2025-08-03,No
recy5urd3WnYOBfkd,1,recy5urd3WnYOBfkd,Agency,2026-05-05,No
recyK7H1fZiP9Z1Yi,1,recyK7H1fZiP9Z1Yi,Job Board,2026-06-26,No
recyLHo5Dz0x6HKZS,1,recyLHo5Dz0x6HKZS,Job Board,2025-11-10,No
recyWVk3xu2xFxIxC,1,recyWVk3xu2xFxIxC,Job Board,2025-05-15,No
recykIELP765EIWgr,1,recykIELP765EIWgr,Referral,2026-01-06,Yes
recyqM8A81lOfPFNg,1,recyqM8A81lOfPFNg,Job Board,2026-08-24,No
recz1vUl2BPha8i30,1,recz1vUl2BPha8i30,Job Board,2026-04-09,No
recz38B0e1RnuUfJf,1,recz38B0e1RnuUfJf,Job Board,2025-10-12,No
reczXCXFHFKSTMfFg,1,reczXCXFHFKSTMfFg,LinkedIn,2025-05-09,No
reczsReFqnRS35O6T,1,reczsReFqnRS35O6T,Job Board,2025-07-06,No
